email,first_name,last_name,company,role,location,lead_type,notes,linkedin_url,personal_website_url,company_website_url,tags
haibohe@uri.edu,Haibo,He,University of Rhode Island,Robert Haas Endowed Professor,Kingston RI,b2b,"Computational intelligence, neural networks, reinforcement learning; strong research record in adaptive systems",,https://web.uri.edu/ecbe/meet/haibo-he/,https://web.uri.edu/ecbe/,engineering;ML;AI
yansun@uri.edu,Yan (Lindsay),Sun,University of Rhode Island,Professor & Chair,Kingston RI,b2b,Expert in cyber-physical systems security and power grid/network security; department chair,,https://web.uri.edu/ecbe/meet/yan-lindsay-sun/,https://web.uri.edu/ecbe/,cybersecurity;power systems
huilin@uri.edu,Hui (Hugo),Lin,University of Rhode Island,Associate Professor,Kingston RI,b2b,"Systems/network security, IoT, edge computing resilience; strong cyber-physical research",,https://web.uri.edu/ecbe/meet/hui-lin/,https://web.uri.edu/ecbe/,security;IoT;edge
harishsunak@uri.edu,Harish R.D.,Sunak,University of Rhode Island,Professor,Kingston RI,b2b,"Fiber lasers, optical communications; capstone program leadership",,https://web.uri.edu/ecbe/meet/harish-r-d-sunak/,https://web.uri.edu/ecbe/,optics;lasers;education
guoyi.xu@uri.edu,Guoyi,Xu,University of Rhode Island,Assistant Professor,Kingston RI,b2b,"Integrated sensing and communication, RF/mmWave, smart city/IOT research",,https://web.uri.edu/ecbe/meet/guoyi-xu/,https://web.uri.edu/ecbe/,IoT;RF;smart systems
dhaval_solanki@uri.edu,Dhaval,Solanki,University of Rhode Island,Assistant Professor,Kingston RI,b2b,"Medical electronics, wearable health tech, biosignal processing; human-centered design",,https://web.uri.edu/ecbe/meet/dhaval-solanki/,https://web.uri.edu/ecbe/,bioelectronics;healthtech
mseckin@uri.edu,Mehmet,Seckin,University of Rhode Island,Assistant Teaching Professor,Kingston RI,b2b,"Embedded systems, wearable digital health, IoT-enabled medical devices",,https://web.uri.edu/ecbe/meet/mehmet-seckin/,https://web.uri.edu/ecbe/,embedded;medical;IOT
yjeong@uri.edu,Yeonho,Jeong,University of Rhode Island,Assistant Professor,Kingston RI,b2b,"Power electronics, EV charging systems, renewable energy & grid research",,https://web.uri.edu/ecbe/meet/yeonho-jeong/,https://web.uri.edu/ecbe/,power;renewables;EV
mgalipeau@uri.edu,Matthew,Galipeau,University of Rhode Island,Technical Staff,Kingston RI,b2b,Technical support role in ECBE; engineering systems expertise,,https://web.uri.edu/ecbe/meet/matthew-gallipeau/,https://web.uri.edu/ecbe/,engineering;support
